<?xml version="1.0"?>
<layout width="1920" height="1080" bgcolor="#52b1ea" schemaVersion="3"><region id="107" width="1440.0000" height="883.2000" top="199.1250" left="0.0000"><options/></region><region id="108" width="1920.0000" height="199.2000" top="0.0000" left="0.0000"><options/><media id="148" type="embedded" render="native" duration="1" useDuration="0"><options><scaleContent>1</scaleContent><transparency>0</transparency></options><raw><embedHtml><![CDATA[ <div class="row">

        <div class="PMyDJ">
            <img src="http://www.programa-me.com/files/logo.png" alt="" width=550>
            <img src="https://www.domjudge.org/DOMjudgelogo_sc.png" alt="" width=85>
        </div>

        <div class="contestName">
           <font style="font-size:3vw;font-weight: bold;" id="demo"></font>
        </div>

        <div class="FDIyUCM">
            <img src="https://informatica.ucm.es/data/cont/media/www/pag-78821/escudofdigrande.png" alt="" width=175>
            <img src="https://upload.wikimedia.org/wikipedia/commons/thumb/9/91/Escudo_de_la_Universidad_Complutense_de_Madrid.svg/1200px-Escudo_de_la_Universidad_Complutense_de_Madrid.svg.png" alt="" width=150>
        </div>


</div> 

]]></embedHtml><embedScript><![CDATA[<script type="text/javascript">
    function EmbedInit()
    {
var xhttp = new XMLHttpRequest();
  xhttp.onreadystatechange = function() {
    if (this.readyState == 4 && this.status == 200) {
      document.getElementById("demo").innerHTML = JSON.parse(this.responseText).formal_name;
    }
  };
  xhttp.open("GET", "http://testdj.programa-me.com/domjudge61/api/v4/contests/12", true);
  xhttp.send();
    }
</script>
]]></embedScript><embedStyle><![CDATA[<style type="text/css">

        .PMyDJ {
        float: left;
        width: 35%;
        padding: 10px 10px 20px 30px;
        }
        .contestName {
        text-align: left;
        float: left;
        width: 35%;
        padding: 80px 10px 80px 100px;
	color: white;
	text-shadow: -1px 0 black, 0 1px black, 1px 0 black, 0 -1 black;
        }
        .FDIyUCM {
        float: right;
        width: 20%;
        padding: 20px 20px 20px 10px;
        }

        .row {
            background-color: #52b1ea;
        }
        
        /* Clear floats after image containers */
        .row::after {
            content: "";
            clear: both;
            display: table;
        } 
</style>
]]></embedStyle></raw></media></region><region id="109" width="480.0000" height="871.2000" top="199.1250" left="1442.3751"><options/><media id="149" type="twitter" render="html" duration="5" useDuration="1"><options><dateFormat>d M</dateFormat><durationIsPerItem>1</durationIsPerItem><effect>scrollVert</effect><itemsPerPage>1</itemsPerPage><name>ProgramameTwitter</name><overrideTemplate>0</overrideTemplate><removeHashtags>0</removeHashtags><removeMentions>0</removeMentions><removeUrls>0</removeUrls><resultType>2</resultType><searchTerm>from:FdiXibo</searchTerm><templateId>tweet-8</templateId><updateInterval>1</updateInterval></options><raw/></media></region><tags><tag>imported</tag></tags></layout>
